DecimalDate,Year,Month,Average,Interpolated,Trend,Days
1958.208,1958,3,315.71,315.71,314.62,-1
1958.292,1958,4,317.45,317.45,315.29,-1
1958.375,1958,5,317.5,317.5,314.71,-1
1958.458,1958,6,-99.99,317.1,314.85,-1
1958.542,1958,7,315.86,315.86,314.98,-1
1958.625,1958,8,314.93,314.93,315.94,-1
1958.708,1958,9,313.2,313.2,315.91,-1
1958.792,1958,10,-99.99,312.66,315.61,-1
1958.875,1958,11,313.33,313.33,315.31,-1
1958.958,1958,12,314.67,314.67,315.61,-1
1959.042,1959,1,315.62,315.62,315.7,-1
1959.125,1959,2,316.38,316.38,315.88,-1
1959.208,1959,3,316.71,316.71,315.62,-1
1959.292,1959,4,317.72,317.72,315.56,-1
1959.375,1959,5,318.29,318.29,315.5,-1
1959.458,1959,6,318.15,318.15,315.92,-1
1959.542,1959,7,316.54,316.54,315.66,-1
1959.625,1959,8,314.8,314.8,315.81,-1
1959.708,1959,9,313.84,313.84,316.55,-1
1959.792,1959,10,313.26,313.26,316.19,-1
1959.875,1959,11,314.8,314.8,316.78,-1
1959.958,1959,12,315.58,315.58,316.52,-1
1960.042,1960,1,316.43,316.43,316.51,-1
1960.125,1960,2,316.97,316.97,316.47,-1
1960.208,1960,3,317.58,317.58,316.49,-1
1960.292,1960,4,319.02,319.02,316.86,-1
1960.375,1960,5,320.03,320.03,317.24,-1
1960.458,1960,6,319.59,319.59,317.36,-1
1960.542,1960,7,318.18,318.18,317.3,-1
1960.625,1960,8,315.91,315.91,316.92,-1
1960.708,1960,9,314.16,314.16,316.87,-1
1960.792,1960,10,313.83,313.83,316.76,-1
1960.875,1960,11,315,315,316.98,-1
1960.958,1960,12,316.19,316.19,317.13,-1
1961.042,1961,1,316.93,316.93,317.03,-1
1961.125,1961,2,317.7,317.7,317.28,-1
1961.208,1961,3,318.54,318.54,317.47,-1
1961.292,1961,4,319.48,319.48,317.27,-1
1961.375,1961,5,320.58,320.58,317.7,-1
1961.458,1961,6,319.77,319.77,317.48,-1
1961.542,1961,7,318.57,318.57,317.7,-1
1961.625,1961,8,316.79,316.79,317.8,-1
1961.708,1961,9,314.8,314.8,317.49,-1
1961.792,1961,10,315.38,315.38,318.35,-1
1961.875,1961,11,316.1,316.1,318.13,-1
1961.958,1961,12,317.01,317.01,317.94,-1
1962.042,1962,1,317.94,317.94,318.06,-1
1962.125,1962,2,318.56,318.56,318.11,-1
1962.208,1962,3,319.68,319.68,318.57,-1
1962.292,1962,4,320.63,320.63,318.45,-1
1962.375,1962,5,321.01,321.01,318.2,-1
1962.458,1962,6,320.55,320.55,318.27,-1
1962.542,1962,7,319.58,319.58,318.67,-1
1962.625,1962,8,317.4,317.4,318.48,-1
1962.708,1962,9,316.26,316.26,319.03,-1
1962.792,1962,10,315.42,315.42,318.33,-1
1962.875,1962,11,316.69,316.69,318.62,-1
1962.958,1962,12,317.69,317.69,318.61,-1
1963.042,1963,1,318.74,318.74,318.91,-1
1963.125,1963,2,319.08,319.08,318.68,-1
1963.208,1963,3,319.86,319.86,318.69,-1
1963.292,1963,4,321.39,321.39,319.09,-1
1963.375,1963,5,322.25,322.25,319.39,-1
1963.458,1963,6,321.47,321.47,319.16,-1
1963.542,1963,7,319.74,319.74,318.77,-1
1963.625,1963,8,317.77,317.77,318.83,-1
1963.708,1963,9,316.21,316.21,319.06,-1
1963.792,1963,10,315.99,315.99,319,-1
1963.875,1963,11,317.12,317.12,319.1,-1
1963.958,1963,12,318.31,318.31,319.25,-1
1964.042,1964,1,319.57,319.57,319.67,-1
1964.125,1964,2,-99.99,320.07,319.61,-1
1964.208,1964,3,-99.99,320.73,319.55,-1
1964.292,1964,4,-99.99,321.77,319.48,-1
1964.375,1964,5,322.25,322.25,319.42,-1
1964.458,1964,6,321.89,321.89,319.69,-1
1964.542,1964,7,320.44,320.44,319.58,-1
1964.625,1964,8,318.7,318.7,319.81,-1
1964.708,1964,9,316.7,316.7,319.56,-1
1964.792,1964,10,316.79,316.79,319.78,-1
1964.875,1964,11,317.79,317.79,319.72,-1
1964.958,1964,12,318.71,318.71,319.59,-1
1965.042,1965,1,319.44,319.44,319.48,-1
1965.125,1965,2,320.44,320.44,319.97,-1
1965.208,1965,3,320.89,320.89,319.65,-1
1965.292,1965,4,322.13,322.13,319.8,-1
1965.375,1965,5,322.16,322.16,319.36,-1
1965.458,1965,6,321.87,321.87,319.65,-1
1965.542,1965,7,321.39,321.39,320.51,-1
1965.625,1965,8,318.81,318.81,319.93,-1
1965.708,1965,9,317.81,317.81,320.68,-1
1965.792,1965,10,317.3,317.3,320.36,-1
1965.875,1965,11,318.87,318.87,320.87,-1
1965.958,1965,12,319.42,319.42,320.26,-1
1966.042,1966,1,320.62,320.62,320.63,-1
1966.125,1966,2,321.59,321.59,321.1,-1
1966.208,1966,3,322.39,322.39,321.16,-1
1966.292,1966,4,323.87,323.87,321.51,-1
1966.375,1966,5,324.01,324.01,321.18,-1
1966.458,1966,6,323.75,323.75,321.52,-1
1966.542,1966,7,322.39,322.39,321.49,-1
1966.625,1966,8,320.37,320.37,321.5,-1
1966.708,1966,9,318.64,318.64,321.54,-1
1966.792,1966,10,318.1,318.1,321.18,-1
1966.875,1966,11,319.79,319.79,321.84,-1
1966.958,1966,12,321.08,321.08,321.95,-1
1967.042,1967,1,322.07,322.07,322.07,-1
1967.125,1967,2,322.5,322.5,321.94,-1
1967.208,1967,3,323.04,323.04,321.72,-1
1967.292,1967,4,324.42,324.42,322.05,-1
1967.375,1967,5,325,325,322.27,-1
1967.458,1967,6,324.09,324.09,321.94,-1
1967.542,1967,7,322.55,322.55,321.66,-1
1967.625,1967,8,320.92,320.92,322.04,-1
1967.708,1967,9,319.31,319.31,322.19,-1
1967.792,1967,10,319.31,319.31,322.36,-1
1967.875,1967,11,320.72,320.72,322.78,-1
1967.958,1967,12,321.96,321.96,322.86,-1
1968.042,1968,1,322.57,322.57,322.55,-1
1968.125,1968,2,323.15,323.15,322.56,-1
1968.208,1968,3,323.89,323.89,322.59,-1
1968.292,1968,4,325.02,325.02,322.73,-1
1968.375,1968,5,325.57,325.57,322.87,-1
1968.458,1968,6,325.36,325.36,323.2,-1
1968.542,1968,7,324.14,324.14,323.25,-1
1968.625,1968,8,322.03,322.03,323.15,-1
1968.708,1968,9,320.41,320.41,323.31,-1
1968.792,1968,10,320.25,320.25,323.32,-1
1968.875,1968,11,321.31,321.31,323.32,-1
1968.958,1968,12,322.84,322.84,323.69,-1
1969.042,1969,1,324,324,323.98,-1
1969.125,1969,2,324.42,324.42,323.89,-1
1969.208,1969,3,325.64,325.64,324.41,-1
1969.292,1969,4,326.66,326.66,324.35,-1
1969.375,1969,5,327.34,327.34,324.57,-1
1969.458,1969,6,326.76,326.76,324.63,-1
1969.542,1969,7,325.88,325.88,325.08,-1
1969.625,1969,8,323.67,323.67,324.8,-1
1969.708,1969,9,322.38,322.38,325.28,-1
1969.792,1969,10,321.78,321.78,324.84,-1
1969.875,1969,11,322.85,322.85,324.78,-1
1969.958,1969,12,324.11,324.11,324.88,-1
1970.042,1970,1,325.03,325.03,325.04,-1
1970.125,1970,2,325.99,325.99,325.42,-1
1970.208,1970,3,326.87,326.87,325.69,-1
1970.292,1970,4,328.13,328.13,325.86,-1
1970.375,1970,5,328.07,328.07,325.27,-1
1970.458,1970,6,327.66,327.66,325.52,-1
1970.542,1970,7,326.35,326.35,325.51,-1
1970.625,1970,8,324.69,324.69,325.76,-1
1970.708,1970,9,323.1,323.1,325.93,-1
1970.792,1970,10,323.16,323.16,326.15,-1
1970.875,1970,11,323.98,323.98,325.96,-1
1970.958,1970,12,325.13,325.13,326.06,-1
1971.042,1971,1,326.17,326.17,326.25,-1
1971.125,1971,2,326.68,326.68,326.1,-1
1971.208,1971,3,327.18,327.18,325.94,-1
1971.292,1971,4,327.78,327.78,325.47,-1
1971.375,1971,5,328.92,328.92,326.11,-1
1971.458,1971,6,328.57,328.57,326.4,-1
1971.542,1971,7,327.34,327.34,326.45,-1
1971.625,1971,8,325.46,325.46,326.49,-1
1971.708,1971,9,323.36,323.36,326.19,-1
1971.792,1971,10,323.57,323.57,326.58,-1
1971.875,1971,11,324.8,324.8,326.82,-1
1971.958,1971,12,326.01,326.01,327.02,-1
1972.042,1972,1,326.77,326.77,326.85,-1
1972.125,1972,2,327.63,327.63,327.04,-1
1972.208,1972,3,327.75,327.75,326.53,-1
1972.292,1972,4,329.72,329.72,327.42,-1
1972.375,1972,5,330.07,330.07,327.23,-1
1972.458,1972,6,329.09,329.09,326.92,-1
1972.542,1972,7,328.05,328.05,327.2,-1
1972.625,1972,8,326.32,326.32,327.37,-1
1972.708,1972,9,324.93,324.93,327.76,-1
1972.792,1972,10,325.06,325.06,328.06,-1
1972.875,1972,11,326.5,326.5,328.5,-1
1972.958,1972,12,327.55,327.55,328.56,-1
1973.042,1973,1,328.54,328.54,328.58,-1
1973.125,1973,2,329.56,329.56,328.86,-1
1973.208,1973,3,330.3,330.3,328.99,-1
1973.292,1973,4,331.5,331.5,329.14,-1
1973.375,1973,5,332.48,332.48,329.62,-1
1973.458,1973,6,332.07,332.07,329.94,-1
1973.542,1973,7,330.87,330.87,330.05,-1
1973.625,1973,8,329.31,329.31,330.42,-1
1973.708,1973,9,327.51,327.51,330.45,-1
1973.792,1973,10,327.18,327.18,330.24,-1
1973.875,1973,11,328.16,328.16,330.16,-1
1973.958,1973,12,328.64,328.64,329.66,-1
1974.042,1974,1,329.35,329.35,329.45,-1
1974.125,1974,2,330.71,330.71,330.12,-1
1974.208,1974,3,331.48,331.48,330.2,-1
1974.292,1974,4,332.65,332.65,330.26,-1
1974.375,1974,5,333.2,333.2,330.28,14
1974.458,1974,6,332.16,332.16,329.94,26
1974.542,1974,7,331.07,331.07,330.23,24
1974.625,1974,8,329.12,329.12,330.26,27
1974.708,1974,9,327.32,327.32,330.28,24
1974.792,1974,10,327.28,327.28,330.36,24
1974.875,1974,11,328.3,328.3,330.28,27
1974.958,1974,12,329.58,329.58,330.55,28
1975.042,1975,1,330.73,330.73,330.89,29
1975.125,1975,2,331.46,331.46,330.93,26
1975.208,1975,3,331.9,331.9,330.54,18
1975.292,1975,4,333.17,333.17,330.67,25
1975.375,1975,5,333.94,333.94,330.98,28
1975.458,1975,6,333.45,333.45,331.2,26
1975.542,1975,7,331.98,331.98,331.12,24
1975.625,1975,8,329.95,329.95,331.11,24
1975.708,1975,9,328.5,328.5,331.48,23
1975.792,1975,10,328.35,328.35,331.46,12
1975.875,1975,11,329.37,329.37,331.41,19
1975.958,1975,12,-99.99,330.59,331.6,0
1976.042,1976,1,331.59,331.59,331.79,20
1976.125,1976,2,332.75,332.75,332.2,22
1976.208,1976,3,333.52,333.52,332.05,20
1976.292,1976,4,334.64,334.64,332.13,19
1976.375,1976,5,334.77,334.77,331.84,22
1976.458,1976,6,334,334,331.65,17
1976.542,1976,7,333.06,333.06,332.14,16
1976.625,1976,8,330.68,330.68,331.88,23
1976.708,1976,9,328.95,328.95,331.94,13
1976.792,1976,10,328.75,328.75,331.92,20
1976.875,1976,11,330.15,330.15,332.29,25
1976.958,1976,12,331.62,331.62,332.66,20
1977.042,1977,1,332.66,332.66,332.76,24
1977.125,1977,2,333.13,333.13,332.51,19
1977.208,1977,3,334.95,334.95,333.35,23
1977.292,1977,4,336.13,336.13,333.51,21
1977.375,1977,5,336.93,336.93,333.98,20
1977.458,1977,6,336.16,336.16,333.8,22
1977.542,1977,7,334.88,334.88,334.02,21
1977.625,1977,8,332.56,332.56,333.91,18
1977.708,1977,9,331.29,331.29,334.36,19
1977.792,1977,10,331.27,331.27,334.52,23
1977.875,1977,11,332.41,332.41,334.64,21
1977.958,1977,12,333.6,333.6,334.61,26
1978.042,1978,1,334.95,334.95,335.01,22
1978.125,1978,2,335.25,335.25,334.58,25
1978.208,1978,3,336.66,336.66,335,28
1978.292,1978,4,337.69,337.69,335.06,18
1978.375,1978,5,338.03,338.03,335.06,26
1978.458,1978,6,338.01,338.01,335.59,17
1978.542,1978,7,336.41,336.41,335.57,22
1978.625,1978,8,334.41,334.41,335.87,19
1978.708,1978,9,332.37,332.37,335.51,17
1978.792,1978,10,332.41,332.41,335.68,23
1978.875,1978,11,333.75,333.75,335.99,24
1978.958,1978,12,334.9,334.9,335.88,27
1979.042,1979,1,336.14,336.14,336.22,27
1979.125,1979,2,336.69,336.69,336.01,26
1979.208,1979,3,338.27,338.27,336.54,21
1979.292,1979,4,338.95,338.95,336.24,21
1979.375,1979,5,339.21,339.21,336.21,12
1979.458,1979,6,339.26,339.26,336.84,19
1979.542,1979,7,337.54,337.54,336.72,26
1979.625,1979,8,335.75,335.75,337.24,23
1979.708,1979,9,333.98,333.98,337.2,19
1979.792,1979,10,334.19,334.19,337.53,24
1979.875,1979,11,335.31,335.31,337.57,27
1979.958,1979,12,336.81,336.81,337.79,22
1980.042,1980,1,337.9,337.9,338.09,29
1980.125,1980,2,338.34,338.34,337.82,26
1980.208,1980,3,340.01,340.01,338.43,25
1980.292,1980,4,340.93,340.93,338.3,24
1980.375,1980,5,341.48,341.48,338.43,25
1980.458,1980,6,341.33,341.33,338.84,22
1980.542,1980,7,339.4,339.4,338.54,21
1980.625,1980,8,337.7,337.7,339.12,17
1980.708,1980,9,336.19,336.19,339.33,17
1980.792,1980,10,336.15,336.15,339.42,25
1980.875,1980,11,337.27,337.27,339.42,24
1980.958,1980,12,338.32,338.32,339.26,19
1981.042,1981,1,339.29,339.29,339.38,28
1981.125,1981,2,340.55,340.55,339.93,25
1981.208,1981,3,341.61,341.61,340.06,25
1981.292,1981,4,342.53,342.53,339.94,24
1981.375,1981,5,343.04,343.04,339.98,30
1981.458,1981,6,342.54,342.54,340.07,25
1981.542,1981,7,340.78,340.78,339.92,24
1981.625,1981,8,338.44,338.44,339.86,26
1981.708,1981,9,336.95,336.95,340.17,27
1981.792,1981,10,337.08,337.08,340.43,28
1981.875,1981,11,338.58,338.58,340.74,25
1981.958,1981,12,339.88,339.88,340.79,19
1982.042,1982,1,340.96,340.96,341.1,27
1982.125,1982,2,341.73,341.73,341.1,23
1982.208,1982,3,342.82,342.82,341.21,18
1982.292,1982,4,343.97,343.97,341.37,8
1982.375,1982,5,344.63,344.63,341.56,26
1982.458,1982,6,343.79,343.79,341.35,26
1982.542,1982,7,342.32,342.32,341.55,28
1982.625,1982,8,340.09,340.09,341.51,24
1982.708,1982,9,338.28,338.28,341.47,21
1982.792,1982,10,338.29,338.29,341.65,26
1982.875,1982,11,339.6,339.6,341.73,25
1982.958,1982,12,340.9,340.9,341.79,26
1983.042,1983,1,341.68,341.68,341.84,28
1983.125,1983,2,342.9,342.9,342.32,24
1983.208,1983,3,343.33,343.33,341.82,26
1983.292,1983,4,345.25,345.25,342.66,24
1983.375,1983,5,346.03,346.03,342.87,28
1983.458,1983,6,345.63,345.63,343.15,20
1983.542,1983,7,344.19,344.19,343.44,20
1983.625,1983,8,342.27,342.27,343.66,16
1983.708,1983,9,340.35,340.35,343.49,15
1983.792,1983,10,340.38,340.38,343.72,20
1983.875,1983,11,341.59,341.59,343.71,26
1983.958,1983,12,343.05,343.05,343.96,19
1984.042,1984,1,344.1,344.1,344.2,23
1984.125,1984,2,344.79,344.79,344.22,23
1984.208,1984,3,345.52,345.52,344.09,19
1984.292,1984,4,-99.99,346.84,344.27,2
1984.375,1984,5,347.63,347.63,344.45,21
1984.458,1984,6,346.97,346.97,344.51,21
1984.542,1984,7,345.53,345.53,344.76,21
1984.625,1984,8,343.55,343.55,344.94,12
1984.708,1984,9,341.4,341.4,344.58,14
1984.792,1984,10,341.67,341.67,345.01,12
1984.875,1984,11,343.1,343.1,345.2,18
1984.958,1984,12,344.7,344.7,345.57,12
1985.042,1985,1,345.21,345.21,345.31,23
1985.125,1985,2,346.16,346.16,345.61,17
1985.208,1985,3,347.74,347.74,346.37,16
1985.292,1985,4,348.34,348.34,345.79,19
1985.375,1985,5,349.06,349.06,345.91,24
1985.458,1985,6,348.38,348.38,345.94,23
1985.542,1985,7,346.72,346.72,345.89,18
1985.625,1985,8,345.02,345.02,346.34,18
1985.708,1985,9,343.27,343.27,346.4,25
1985.792,1985,10,343.13,343.13,346.42,20
1985.875,1985,11,344.49,344.49,346.61,22
1985.958,1985,12,345.88,345.88,346.81,25
1986.042,1986,1,346.56,346.56,346.59,23
1986.125,1986,2,347.28,347.28,346.74,25
1986.208,1986,3,348.01,348.01,346.68,17
1986.292,1986,4,349.77,349.77,347.22,22
1986.375,1986,5,350.38,350.38,347.26,18
1986.458,1986,6,349.93,349.93,347.52,17
1986.542,1986,7,348.16,348.16,347.33,20
1986.625,1986,8,346.08,346.08,347.4,18
1986.708,1986,9,345.22,345.22,348.35,17
1986.792,1986,10,344.51,344.51,347.77,26
1986.875,1986,11,345.93,345.93,348.04,23
1986.958,1986,12,347.22,347.22,348.13,24
1987.042,1987,1,348.52,348.52,348.47,26
1987.125,1987,2,348.73,348.73,348.02,25
1987.208,1987,3,349.73,349.73,348.3,22
1987.292,1987,4,351.31,351.31,348.77,26
1987.375,1987,5,352.09,352.09,349.01,27
1987.458,1987,6,351.53,351.53,349.2,21
1987.542,1987,7,350.11,350.11,349.39,16
1987.625,1987,8,348.08,348.08,349.5,14
1987.708,1987,9,346.52,346.52,349.7,23
1987.792,1987,10,346.59,346.59,349.86,22
1987.875,1987,11,347.96,347.96,350.07,22
1987.958,1987,12,349.16,349.16,350.05,27
1988.042,1988,1,350.39,350.39,350.38,24
1988.125,1988,2,351.64,351.64,350.94,24
1988.208,1988,3,352.41,352.41,350.87,25
1988.292,1988,4,353.69,353.69,351.01,27
1988.375,1988,5,354.21,354.21,351.06,28
1988.458,1988,6,353.72,353.72,351.37,26
1988.542,1988,7,352.69,352.69,352.02,27
1988.625,1988,8,350.4,350.4,351.9,26
1988.708,1988,9,348.92,348.92,352.13,27
1988.792,1988,10,349.13,349.13,352.41,26
1988.875,1988,11,350.2,350.2,352.34,25
1988.958,1988,12,351.41,351.41,352.35,28
1989.042,1989,1,352.91,352.91,352.85,27
1989.125,1989,2,353.27,353.27,352.54,25
1989.208,1989,3,353.96,353.96,352.47,29
1989.292,1989,4,355.64,355.64,352.97,28
1989.375,1989,5,355.86,355.86,352.67,28
1989.458,1989,6,355.37,355.37,352.97,26
1989.542,1989,7,353.99,353.99,353.3,25
1989.625,1989,8,351.81,351.81,353.37,24
1989.708,1989,9,350.05,350.05,353.32,23
1989.792,1989,10,350.25,350.25,353.52,25
1989.875,1989,11,351.49,351.49,353.65,27
1989.958,1989,12,352.85,352.85,353.81,27
1990.042,1990,1,353.8,353.8,353.75,25
1990.125,1990,2,355.04,355.04,354.33,28
1990.208,1990,3,355.73,355.73,354.24,28
1990.292,1990,4,356.32,356.32,353.68,28
1990.375,1990,5,357.32,357.32,354.16,29
1990.458,1990,6,356.34,356.34,353.97,29
1990.542,1990,7,354.84,354.84,354.19,30
1990.625,1990,8,353.01,353.01,354.61,22
1990.708,1990,9,351.31,351.31,354.61,27
1990.792,1990,10,351.62,351.62,354.89,28
1990.875,1990,11,353.07,353.07,355.13,24
1990.958,1990,12,354.33,354.33,355.19,28
1991.042,1991,1,354.84,354.84,354.82,28
1991.125,1991,2,355.73,355.73,355.02,27
1991.208,1991,3,357.23,357.23,355.67,30
1991.292,1991,4,358.66,358.66,356.02,30
1991.375,1991,5,359.13,359.13,356,29
1991.458,1991,6,358.13,358.13,355.8,29
1991.542,1991,7,356.19,356.19,355.59,24
1991.625,1991,8,353.85,353.85,355.46,25
1991.708,1991,9,352.25,352.25,355.56,27
1991.792,1991,10,352.35,352.35,355.62,27
1991.875,1991,11,353.81,353.81,355.8,28
1991.958,1991,12,355.12,355.12,355.93,30
1992.042,1992,1,356.25,356.25,356.2,31
1992.125,1992,2,357.11,357.11,356.38,27
1992.208,1992,3,357.86,357.86,356.27,24
1992.292,1992,4,359.09,359.09,356.39,27
1992.375,1992,5,359.59,359.59,356.41,26
1992.458,1992,6,359.33,359.33,356.97,30
1992.542,1992,7,357.01,357.01,356.44,26
1992.625,1992,8,354.94,354.94,356.62,23
1992.708,1992,9,352.96,352.96,356.29,26
1992.792,1992,10,353.32,353.32,356.63,29
1992.875,1992,11,354.32,354.32,356.38,29
1992.958,1992,12,355.57,355.57,356.39,31
1993.042,1993,1,357,357,356.96,28
1993.125,1993,2,357.31,357.31,356.44,28
1993.208,1993,3,358.47,358.47,356.76,30
1993.292,1993,4,359.27,359.27,356.59,25
1993.375,1993,5,360.19,360.19,357.03,30
1993.458,1993,6,359.52,359.52,357.12,28
1993.542,1993,7,357.33,357.33,356.76,25
1993.625,1993,8,355.64,355.64,357.32,27
1993.708,1993,9,354.03,354.03,357.39,23
1993.792,1993,10,354.12,354.12,357.49,28
1993.875,1993,11,355.41,355.41,357.54,29
1993.958,1993,12,356.91,356.91,357.8,30
1994.042,1994,1,358.24,358.24,358.13,27
1994.125,1994,2,358.92,358.92,358.09,25
1994.208,1994,3,359.99,359.99,358.29,29
1994.292,1994,4,361.23,361.23,358.46,28
1994.375,1994,5,361.65,361.65,358.46,30
1994.458,1994,6,360.81,360.81,358.44,27
1994.542,1994,7,359.38,359.38,358.79,31
1994.625,1994,8,357.46,357.46,359.16,24
1994.708,1994,9,355.73,355.73,359.17,24
1994.792,1994,10,356.07,356.07,359.49,28
1994.875,1994,11,357.53,357.53,359.68,28
1994.958,1994,12,358.98,358.98,359.83,28
1995.042,1995,1,359.92,359.92,359.79,30
1995.125,1995,2,360.86,360.86,360.05,28
1995.208,1995,3,361.83,361.83,360.22,29
1995.292,1995,4,363.3,363.3,360.62,29
1995.375,1995,5,363.69,363.69,360.58,29
1995.458,1995,6,363.19,363.19,360.84,27
1995.542,1995,7,361.64,361.64,360.97,28
1995.625,1995,8,359.12,359.12,360.73,25
1995.708,1995,9,358.17,358.17,361.55,24
1995.792,1995,10,357.99,357.99,361.37,29
1995.875,1995,11,359.45,359.45,361.59,27
1995.958,1995,12,360.68,360.68,361.53,30
1996.042,1996,1,362.07,362.07,361.85,29
1996.125,1996,2,363.24,363.24,362.35,27
1996.208,1996,3,364.17,364.17,362.53,27
1996.292,1996,4,364.57,364.57,361.86,29
1996.375,1996,5,365.13,365.13,362.1,30
1996.458,1996,6,364.92,364.92,362.69,30
1996.542,1996,7,363.55,363.55,362.85,31
1996.625,1996,8,361.38,361.38,362.98,28
1996.708,1996,9,359.54,359.54,362.99,25
1996.792,1996,10,359.58,359.58,362.97,29
1996.875,1996,11,360.89,360.89,363.03,29
1996.958,1996,12,362.24,362.24,363.08,29
1997.042,1997,1,363.09,363.09,362.88,31
1997.125,1997,2,364.03,364.03,363.22,27
1997.208,1997,3,364.51,364.51,362.88,31
1997.292,1997,4,366.35,366.35,363.68,21
1997.375,1997,5,366.64,366.64,363.74,29
1997.458,1997,6,365.59,365.59,363.41,27
1997.542,1997,7,364.31,364.31,363.6,24
1997.625,1997,8,362.25,362.25,363.84,25
1997.708,1997,9,360.29,360.29,363.68,26
1997.792,1997,10,360.82,360.82,364.12,27
1997.875,1997,11,362.49,362.49,364.56,30
1997.958,1997,12,364.38,364.38,365.15,30
1998.042,1998,1,365.26,365.26,365.07,30
1998.125,1998,2,365.98,365.98,365.17,28
1998.208,1998,3,367.24,367.24,365.6,31
1998.292,1998,4,368.66,368.66,366.03,29
1998.375,1998,5,369.42,369.42,366.55,30
1998.458,1998,6,368.99,368.99,366.8,28
1998.542,1998,7,367.82,367.82,367.14,23
1998.625,1998,8,365.95,365.95,367.55,30
1998.708,1998,9,364.02,364.02,367.37,28
1998.792,1998,10,364.4,364.4,367.67,30
1998.875,1998,11,365.52,365.52,367.56,23
1998.958,1998,12,367.13,367.13,367.88,26
1999.042,1999,1,368.18,368.18,367.96,27
1999.125,1999,2,369.07,369.07,368.26,22
1999.208,1999,3,369.68,369.68,368.08,25
1999.292,1999,4,370.99,370.99,368.45,29
1999.375,1999,5,370.96,370.96,368.15,26
1999.458,1999,6,370.3,370.3,368.13,26
1999.542,1999,7,369.45,369.45,368.77,27
1999.625,1999,8,366.9,366.9,368.48,25
1999.708,1999,9,364.81,364.81,368.13,28
1999.792,1999,10,365.37,365.37,368.64,31
1999.875,1999,11,366.72,366.72,368.71,28
1999.958,1999,12,368.1,368.1,368.77,26
2000.042,2000,1,369.29,369.29,369.08,26
2000.125,2000,2,369.55,369.55,368.83,19
2000.208,2000,3,370.6,370.6,369.09,30
2000.292,2000,4,371.82,371.82,369.28,27
2000.375,2000,5,371.58,371.58,368.71,28
2000.458,2000,6,371.7,371.7,369.5,28
2000.542,2000,7,369.86,369.86,369.2,25
2000.625,2000,8,368.13,368.13,369.72,27
2000.708,2000,9,367,367,370.3,26
2000.792,2000,10,367.03,367.03,370.26,30
2000.875,2000,11,368.37,368.37,370.32,25
2000.958,2000,12,369.67,369.67,370.3,30
2001.042,2001,1,370.59,370.59,370.43,30
2001.125,2001,2,371.51,371.51,370.78,26
2001.208,2001,3,372.43,372.43,370.87,26
2001.292,2001,4,373.37,373.37,370.81,29
2001.375,2001,5,373.85,373.85,370.94,24
2001.458,2001,6,373.21,373.21,370.99,26
2001.542,2001,7,371.51,371.51,370.9,25
2001.625,2001,8,369.61,369.61,371.22,27
2001.708,2001,9,368.18,368.18,371.44,28
2001.792,2001,10,368.45,368.45,371.69,31
2001.875,2001,11,369.76,369.76,371.74,24
2001.958,2001,12,371.24,371.24,371.92,29
2002.042,2002,1,372.53,372.53,372.3,28
2002.125,2002,2,373.2,373.2,372.33,28
2002.208,2002,3,374.12,374.12,372.44,24
2002.292,2002,4,375.02,375.02,372.37,29
2002.375,2002,5,375.76,375.76,372.81,29
2002.458,2002,6,375.52,375.52,373.3,28
2002.542,2002,7,374.01,374.01,373.42,26
2002.625,2002,8,371.85,371.85,373.52,28
2002.708,2002,9,370.75,370.75,374.11,23
2002.792,2002,10,370.55,370.55,373.88,31
2002.875,2002,11,372.25,372.25,374.34,29
2002.958,2002,12,373.79,373.79,374.54,31
2003.042,2003,1,374.88,374.88,374.63,30
2003.125,2003,2,375.64,375.64,374.77,27
2003.208,2003,3,376.46,376.46,374.8,28
2003.292,2003,4,377.73,377.73,375.06,27
2003.375,2003,5,378.6,378.6,375.55,30
2003.458,2003,6,378.28,378.28,376.03,25
2003.542,2003,7,376.7,376.7,376.19,29
2003.625,2003,8,374.38,374.38,376.08,23
2003.708,2003,9,373.17,373.17,376.48,25
2003.792,2003,10,373.14,373.14,376.47,30
2003.875,2003,11,374.66,374.66,376.81,26
2003.958,2003,12,375.99,375.99,376.75,27
2004.042,2004,1,377,377,376.78,30
2004.125,2004,2,377.87,377.87,377.02,29
2004.208,2004,3,378.88,378.88,377.23,28
2004.292,2004,4,380.35,380.35,377.62,26
2004.375,2004,5,380.62,380.62,377.48,28
2004.458,2004,6,379.69,379.69,377.39,21
2004.542,2004,7,377.47,377.47,376.94,25
2004.625,2004,8,376.01,376.01,377.74,16
2004.708,2004,9,374.25,374.25,377.62,15
2004.792,2004,10,374.46,374.46,377.82,29
2004.875,2004,11,376.16,376.16,378.31,29
2004.958,2004,12,377.51,377.51,378.31,30
2005.042,2005,1,378.46,378.46,378.21,31
2005.125,2005,2,379.73,379.73,378.93,24
2005.208,2005,3,380.77,380.77,379.27,26
2005.292,2005,4,382.29,382.29,379.65,26
2005.375,2005,5,382.45,382.45,379.31,31
2005.458,2005,6,382.22,382.22,379.88,28
2005.542,2005,7,380.74,380.74,380.18,29
2005.625,2005,8,378.74,378.74,380.42,26
2005.708,2005,9,376.7,376.7,380.01,26
2005.792,2005,10,377,377,380.31,14
2005.875,2005,11,378.35,378.35,380.5,23
2005.958,2005,12,380.11,380.11,380.9,26
2006.042,2006,1,381.38,381.38,381.14,24
2006.125,2006,2,382.2,382.2,381.39,25
2006.208,2006,3,382.67,382.67,381.14,30
2006.292,2006,4,384.61,384.61,381.91,25
2006.375,2006,5,385.03,385.03,381.87,24
2006.458,2006,6,384.05,384.05,381.75,28
2006.542,2006,7,382.46,382.46,381.91,24
2006.625,2006,8,380.41,380.41,382.08,27
2006.708,2006,9,378.85,378.85,382.16,27
2006.792,2006,10,379.13,379.13,382.46,23
2006.875,2006,11,380.15,380.15,382.33,29
2006.958,2006,12,381.82,381.82,382.64,27
2007.042,2007,1,382.89,382.89,382.67,24
2007.125,2007,2,383.9,383.9,383.01,21
2007.208,2007,3,384.58,384.58,382.94,26
2007.292,2007,4,386.5,386.5,383.71,26
2007.375,2007,5,386.56,386.56,383.34,29
2007.458,2007,6,386.1,386.1,383.84,26
2007.542,2007,7,384.5,384.5,384.02,27
2007.625,2007,8,381.99,381.99,383.7,22
2007.708,2007,9,380.96,380.96,384.32,21
2007.792,2007,10,381.12,381.12,384.47,29
2007.875,2007,11,382.45,382.45,384.65,30
2007.958,2007,12,383.94,383.94,384.83,21
2008.042,2008,1,385.52,385.52,385.28,31
2008.125,2008,2,385.82,385.82,384.96,26
2008.208,2008,3,386.03,386.03,384.48,30
2008.292,2008,4,387.21,387.21,384.58,24
2008.375,2008,5,388.54,388.54,385.45,25
2008.458,2008,6,387.76,387.76,385.46,23
2008.542,2008,7,386.36,386.36,385.79,10
2008.625,2008,8,384.09,384.09,385.75,25
2008.708,2008,9,383.18,383.18,386.46,27
2008.792,2008,10,382.99,382.99,386.27,23
2008.875,2008,11,384.19,384.19,386.37,28
2008.958,2008,12,385.56,385.56,386.41,29
2009.042,2009,1,386.94,386.94,386.63,30
2009.125,2009,2,387.48,387.48,386.59,26
2009.208,2009,3,388.82,388.82,387.32,28
2009.292,2009,4,389.55,389.55,386.92,29
2009.375,2009,5,390.14,390.14,387.02,30
2009.458,2009,6,389.48,389.48,387.24,29
2009.542,2009,7,388.03,388.03,387.55,22
2009.625,2009,8,386.11,386.11,387.8,27
2009.708,2009,9,384.74,384.74,388.01,28
2009.792,2009,10,384.43,384.43,387.68,30
2009.875,2009,11,386.02,386.02,388.16,30
2009.958,2009,12,387.42,387.42,388.23,20
2010.042,2010,1,388.71,388.71,388.41,30
2010.125,2010,2,390.2,390.2,389.26,20
2010.208,2010,3,391.17,391.17,389.65,25
2010.292,2010,4,392.46,392.46,389.89,26
2010.375,2010,5,393,393,389.88,28
2010.458,2010,6,392.15,392.15,389.89,28
2010.542,2010,7,390.2,390.2,389.72,29
2010.625,2010,8,388.35,388.35,390.01,26
2010.708,2010,9,386.85,386.85,390.14,29
2010.792,2010,10,387.24,387.24,390.53,31
2010.875,2010,11,388.67,388.67,390.79,28
2010.958,2010,12,389.79,389.79,390.6,29
2011.042,2011,1,391.33,391.33,391.03,29
2011.125,2011,2,391.86,391.86,390.94,28
2011.208,2011,3,392.6,392.6,391.07,29
2011.292,2011,4,393.25,393.25,390.63,28
2011.375,2011,5,394.19,394.19,391.02,30
2011.458,2011,6,393.73,393.73,391.44,28
2011.542,2011,7,392.51,392.51,392.04,26
2011.625,2011,8,390.13,390.13,391.83,27
2011.708,2011,9,389.08,389.08,392.4,26
2011.792,2011,10,389,389,392.33,31
2011.875,2011,11,390.28,390.28,392.44,28
2011.958,2011,12,391.86,391.86,392.66,28
2012.042,2012,1,393.12,393.12,392.89,30
2012.125,2012,2,393.86,393.86,393.04,26
2012.208,2012,3,394.4,394.4,392.8,30
2012.292,2012,4,396.18,396.18,393.43,29
2012.375,2012,5,396.74,396.74,393.54,30
2012.458,2012,6,395.71,395.71,393.45,28
2012.542,2012,7,394.36,394.36,393.92,26
2012.625,2012,8,392.39,392.39,394.17,30
2012.708,2012,9,391.11,391.11,394.54,27
2012.792,2012,10,391.05,391.05,394.41,28
2012.875,2012,11,392.98,392.98,395.02,29
2012.958,2012,12,394.34,394.34,395.04,29
2013.042,2013,1,395.55,395.55,395.4,28
2013.125,2013,2,396.8,396.8,396.02,25
2013.208,2013,3,397.43,397.43,395.85,30
2013.292,2013,4,398.41,398.41,395.53,22
2013.375,2013,5,399.78,399.78,396.4,28
2013.458,2013,6,398.61,398.61,396.28,26
2013.542,2013,7,397.32,397.32,396.92,21
2013.625,2013,8,395.2,395.2,397.08,27
2013.708,2013,9,393.45,393.45,396.99,27
2013.792,2013,10,393.7,393.7,397.04,28
2013.875,2013,11,395.16,395.16,397.14,30
2013.958,2013,12,396.84,396.84,397.59,30
2014.042,2014,1,397.85,397.85,397.56,31
2014.125,2014,2,398.01,398.01,397.22,26
2014.208,2014,3,399.77,399.77,398.25,24
2014.292,2014,4,401.38,401.38,398.49,28
2014.375,2014,5,401.78,401.78,398.38,22
2014.458,2014,6,401.25,401.25,398.93,28
2014.542,2014,7,399.1,399.1,398.67,25
2014.625,2014,8,397.03,397.03,398.92,21
2014.708,2014,9,395.38,395.38,398.96,21
2014.792,2014,10,396.03,396.03,399.43,24
2014.875,2014,11,397.28,397.28,399.35,27
2014.958,2014,12,398.91,398.91,399.63,29
2015.042,2015,1,399.98,399.98,399.79,30
2015.125,2015,2,400.28,400.28,399.49,27
2015.208,2015,3,401.54,401.54,399.97,24
2015.292,2015,4,403.28,403.28,400.39,27
2015.375,2015,5,403.96,403.96,400.55,30
2015.458,2015,6,402.8,402.8,400.47,28
2015.542,2015,7,401.31,401.31,400.89,23
2015.625,2015,8,398.93,398.93,400.8,28
2015.708,2015,9,397.63,397.63,401.18,25
2015.792,2015,10,398.29,398.29,401.67,28
2015.875,2015,11,400.16,400.16,402.19,27
2015.958,2015,12,401.85,401.85,402.62,30
2016.042,2016,1,402.52,402.52,402.33,27
2016.125,2016,2,404.04,404.04,403.24,26
2016.208,2016,3,404.83,404.83,403.25,29
2016.292,2016,4,407.42,407.42,404.53,25
2016.375,2016,5,407.7,407.7,404.3,29
2016.458,2016,6,406.81,406.81,404.48,26
2016.542,2016,7,404.39,404.39,403.98,28
2016.625,2016,8,402.25,402.25,404.12,23
2016.708,2016,9,401.03,401.03,404.58,24
2016.792,2016,10,401.57,401.57,404.95,29
2016.875,2016,11,403.53,403.53,405.57,27
2016.958,2016,12,404.42,404.42,405.19,29
2017.042,2017,1,406.13,406.13,405.93,26
2017.125,2017,2,406.42,406.42,405.62,26
2017.208,2017,3,407.18,407.18,405.6,23
2017.292,2017,4,409,409,406.11,25
2017.375,2017,5,409.65,409.65,406.24,27
2017.458,2017,6,408.84,408.84,406.51,26
2017.542,2017,7,407.07,407.07,406.66,28
2017.625,2017,8,405.07,405.07,406.94,29
2017.708,2017,9,403.38,403.38,406.93,26
2017.792,2017,10,403.64,403.64,407.02,27
2017.875,2017,11,405.14,405.14,407.17,26
2017.958,2017,12,406.82,406.82,407.59,31
2018.042,2018,1,407.98,407.98,407.79,29
2018.125,2018,2,408.35,408.35,407.58,28
2018.208,2018,3,409.46,409.46,407.97,28
2018.292,2018,4,410.26,410.26,407.48,21
2018.375,2018,5,411.24,411.24,407.92,24
2018.458,2018,6,410.79,410.79,408.5,29
2018.542,2018,7,408.71,408.71,408.33,27
2018.625,2018,8,406.99,406.99,408.86,30
